{
    "author": "nicholasdewitt",
    "compatibility": [
        2
    ],
    "description": "Send notification to Telegram bot after processing is complete",
    "icon": "https://raw.githubusercontent.com/Josh5/unmanic.plugin.encoder_video_libvpx_vp9/master/icon.png",
    "id": "notify-telegram",
    "name": "Notify Telegram",
    "platform": [
        "all"
    ],
    "priorities": {
        "on_postprocessor_task_results": 0
    },
    "tags": "results,postprocessor, telegram",
    "version": "0.0.1"
}
